Test,test
Blaze ,Potin
nouveau potin,voici un nouveau potin
test,dfghjlytdsxcbn
"ertyuk,nc",sfdghjkjbn
fdghjkmlnbv,"huijobhhbjn,"
qzsedrtfyguihojpokjbhv,"cytvybiunoi,"
xrdtcfyvgbuhnijok,"sf ghjkyvtubyinuo,"
Test,test
Blaze ,Potin
nouveau potin,voici un nouveau potin
test,dfghjlytdsxcbn
"ertyuk,nc",sfdghjkjbn
fdghjkmlnbv,"huijobhhbjn,"
qzsedrtfyguihojpokjbhv,"cytvybiunoi,"
xrdtcfyvgbuhnijok,"sf ghjkyvtubyinuo,"
Test,test
Blaze ,Potin
nouveau potin,voici un nouveau potin
test,dfghjlytdsxcbn
"ertyuk,nc",sfdghjkjbn
fdghjkmlnbv,"huijobhhbjn,"
qzsedrtfyguihojpokjbhv,"cytvybiunoi,"
xrdtcfyvgbuhnijok,"sf ghjkyvtubyinuo,"
Test,test
Blaze ,Potin
nouveau potin,voici un nouveau potin
test,dfghjlytdsxcbn
"ertyuk,nc",sfdghjkjbn
fdghjkmlnbv,"huijobhhbjn,"
qzsedrtfyguihojpokjbhv,"cytvybiunoi,"
xrdtcfyvgbuhnijok,"sf ghjkyvtubyinuo,"
